0,anurag,anuragsingh9999999@gmail.com,,
1,anurag,anuragsingh9999999@gmail.com,3456,bihar,dufgj
2,anurag,anuragsingh9999999@gmail.com,3456,bhopal,dufgj
3,"ROSHAN SINGH",singhroshanb1@gmail.com,123456789,bihar,dufgj
4,"ROSHAN SINGH",singhroshanb1@gmail.com,123456789,bihar,dufgj
5,"ROSHAN SINGH",singhroshanb1@gmail.com,123456789,bihar,dufgj
6,"ROSHAN SINGH",singhroshanb1@gmail.com,123456789,bihar,dufgj
7,"ROSHAN SINGH",singhroshanb1@gmail.com,123456789,bihar,dufgj
8,"ROSHAN SINGH",singhroshanb1@gmail.com,123456789,bihar,dufgj
9,"ROSHAN SINGH",singhroshanb1@gmail.com,123456789,bihar,dufgj
